nome,sobrenome,idade,ultimo_salario,empresa_atual
Enrico,Rushmare,31,,Skinte
Ivett,Pettiward,31,5249.72,
Stillmann,Budnik,,13738.43,Tagchatx
Zondra,Lille,18,15998.02,Roomm
Eldon,Normansell,32,,
Mano,Fullard,,3059.74,Janyx
Rodina,Cosham,45,,Twitterlist
Jareb,Bardsley,,18007.26,Realcube
Colas,Wentworth,46,19298.35,Fiveclub
Flinn,Iwanczyk,45,5239.7,
Pierson,Klausen,46,18475.52,
Roddy,Cruikshanks,,16513.26,Yata
Eydie,Flaonier,44,,Blognation
Reinwald,Eborall,43,5002.24,Kanoodle
Addie,Boone,18,18433.98,Quimba
Tamra,Starkey,,15881.37,Photobug
Hope,Stanbrooke,46,4181.32,
Essa,Lambdean,38,10242.74,Tagtune
Shannon,Keddy,31,8490.79,Yoveo
Iolande,Sutor,42,19468.48,Dynabox
Hamlin,Briatt,30,,Tavu
Wake,Malthouse,26,1769.68,Tagopia
Renell,Mashal,49,17954.05,
Rose,Sleany,35,14594.68,Flashset
Barrie,Holdworth,19,,Eamia
Julee,Bremeyer,19,19336.43,Agimba
Nichols,Dobkin,46,1583.71,Youspan
Gaile,Cristofor,47,4244.64,Myworks
Caroline,Sales,30,3425.99,Jayo
Aubrey,Myrick,38,,Feedspan
Shelton,Clemson,24,5586.02,
Shelby,Mountlow,47,13603.75,Fivechat
Denver,Hamflett,30,6436.53,Jabbersphere
Frederigo,Bullus,,9604.7,Quimba
Maynard,Tomanek,46,14905.92,Fliptune
Gorden,Grigg,23,4446.78,JumpXS
Harmonia,Dalli,28,17656.14,Blogspan
Sallyanne,Bohlin,28,4417.66,Snaptags
Kassandra,Pollard,30,5225.53,Bluejam
Kippie,Agronski,26,17090.1,Voomm
Otto,Learmonth,41,7544.18,Lajo
Helli,Bratch,,15300.3,Skivee
Michell,Locker,18,13992.7,
Theodosia,Loosmore,38,2120.44,Browsetype
Andreana,Burkman,,,
Murdock,Guyonneau,44,13314.23,Vinte
Olympe,Clow,28,12581.81,Chatterbridge
Jeth,Cottham,,,Zoonder
Georgiana,Kadwallider,20,8634.4,
Estelle,Vase,22,16168.15,Mydo
Fleming,Moxted,37,,Dynava
Hannah,Moyse,44,15373.99,Vipe
Valenka,Pauler,23,18046.25,
Les,Juza,,19098.66,
Ben,Hargreaves,49,7664.14,Zoonder
Mervin,Caustic,40,13217.73,Tagtune
Kaitlyn,Bodicum,,14877.91,Zoomlounge
Tito,Forryan,30,3921.95,Zoombox
Emeline,Alti,46,3496.82,Rhybox
Filia,Licciardo,34,5674.4,Meemm
Ida,Kohrsen,39,19288.65,
Ambrosi,Corck,49,19678.02,Gabtype
Sharon,Stockney,40,5139.05,Fivespan
Jenn,Sulter,,15322.85,Digitube
Gabbi,Clemens,23,17927.25,Cogilith
Tedda,Cropp,38,,Meezzy
Jerry,Skelhorn,38,8991.09,Gabcube
Ambur,Hebblewhite,49,6911.55,Pixope
Nerty,Mullineux,22,18420.67,Fanoodle
Eimile,Noades,,10364.39,
Marcelo,Purvey,19,4019.59,Cogidoo
Kalil,Grafham,39,10280.01,Oba
Bernetta,Dewi,23,,
Skippy,Agates,,,Gabcube
Emmalee,Ludovici,19,9314.21,Devbug
Brigit,Mabbe,31,2211.95,Wordpedia
Aldon,Ivushkin,41,1526.56,Wikivu
Glynn,Justis,,7166.57,Flipbug
Michele,O'Lyhane,49,15635.79,Fliptune
Crista,Brammar,49,,Mita
Thea,Kingstne,,17457.98,Skinix
Carlene,Andresser,46,18698.67,Skyba
Anneliese,Eliff,33,16438.95,Dabshots
Alecia,Stoffersen,23,8715.88,
Farra,Greder,47,9728.6,Yabox
Allayne,Hakonsson,42,,
Waite,Grimsley,37,17011.26,
Schuyler,Zold,35,17727.71,Skimia
Burgess,Cruikshanks,19,,
Gay,Everil,25,,Meetz
Silvanus,Conner,,15700.7,Zoomcast
Lyon,Huggins,47,,Skibox
Edita,Gallie,22,,Twimm
Kirsteni,Faiers,40,19837.06,Mydeo
Keane,Orneles,27,10693.38,Meevee
Royce,Lamport,36,,Meemm
Joseito,Mingus,33,3013.29,Vimbo
Devan,Linham,36,11113.46,Thoughtbridge
Doralin,Galland,32,,Topicware
Charmian,Ryley,23,2386.38,Gabcube
Zorine,Bolding,46,10395.12,Jatri
Helene,Leader,31,,
Rhodia,Haselden,44,10042.3,Aivee
Stefa,Carncross,49,12967.84,Eare
Welsh,Bortoloni,44,9826.53,Wordtune
Catharine,De Angelis,36,8649.33,Devpoint
Yolanthe,Briddock,23,17421.7,Aimbu
Doretta,Dach,39,3879.47,Miboo
Burg,Clayal,22,5737.28,Zooxo
Lonee,Pawlik,35,,Babbleblab
Reiko,Morpeth,29,8680.22,Blogspan
Hermione,Ridout,26,,Geba
Byrle,Merrigans,27,15867.66,Snaptags
Chrysa,Latchford,25,18885.82,Wikizz
Pooh,Jouhandeau,22,9170.42,Browsebug
Jorge,Salvadore,,,Quinu
Eleen,Ebbitt,47,15412.85,Meedoo
Lanny,Littlefair,43,14844.69,Riffpedia
Cari,Endicott,35,,Roomm
Darrell,Nuttey,18,19708.37,Thoughtbeat
Franzen,Millsap,34,16416.5,
Benedicta,Feather,34,11744.95,Rhynoodle
Kristien,Flobert,23,14577.98,Katz
Flss,Russan,46,6217.35,Jabberbean
Ev,Bernardoux,28,,Skyvu
Birdie,Pitcher,44,5443.86,
Chaim,Saull,34,15534.43,Zooveo
Agathe,McRory,31,3633.21,Realbridge
Katy,Innis,38,1711.37,Omba
Obediah,Melmar,46,12434.02,Viva
Juana,Quinevan,22,10964.97,BlogXS
Verile,Kitteman,30,6660.55,Jabbercube
Queenie,Clemenzo,49,15943.94,Kwimbee
Catha,Stirrup,35,19554.42,Tagcat
Bartholomeo,Hurdis,18,5529.58,Photobean
Lissa,Rollo,32,15750.49,Tagcat
Bastien,Wilkison,47,,Buzzbean
Erek,Byas,37,7344.1,Realfire
Eric,Romushkin,48,7447.64,Thoughtblab
Dino,Bartoleyn,33,16694.58,Aivee
Leanor,Everall,35,10731.05,Centizu
Skipper,Waddilove,,18992.98,
Deck,O'Collopy,27,6539.11,Browsebug
Horacio,Wakeham,37,2064.96,Skinix
Aldon,Tabour,45,18573.09,Omba
Christy,Karlolczak,39,13550.44,Yombu
Kiley,Dany,35,5676.71,Thoughtsphere
Verine,Harmes,35,5058.05,
Tonnie,Batchley,26,17750.28,Eabox
Jedidiah,Rotlauf,44,12413.31,Babbleblab
Madelina,Hillaby,18,10953.01,
Karlis,Russel,32,13453.85,Lajo
Vanny,MacIlhagga,18,18503.7,Trudeo
Karlis,Cursey,29,1793.24,Jayo
Hughie,Giraudot,47,7486.19,
Anthea,Kerswill,43,8586.85,Skilith
Chrystel,Coulston,35,3988.95,Eimbee
Helga,Hext,46,14076.58,
Rancell,Lemmens,33,16774.24,
Therine,Meco,34,9030.37,Wordware
Heddi,Oxton,32,7360.33,Quimm
Shalne,Eatttok,26,7543.17,Wikizz
Farra,Coopper,38,,Meembee
Nestor,Bennell,26,12878.49,Browsecat
Sibylla,Eaken,41,5898.17,Browsebug
Lemuel,Golightly,,6428.65,Quire
Tybie,Swigg,35,16231.12,Dynabox
Desmond,Lissandri,34,8050.09,Centizu
Davida,Elcy,26,17435.17,Yoveo
Pablo,Swaton,38,5560.35,Zoomcast
Hilary,Abba,,17318.05,Leenti
Gerri,Rickesies,19,15994.31,
Rina,Sheehan,32,2554.53,Ntag
Vernen,Klaus,46,2002.08,Mymm
Zoe,Dobrovsky,22,19017.03,
Miguela,Runnalls,32,9603.02,Divanoodle
Karina,Spier,22,12103.37,
Nonah,Persich,,15589.48,Rhyzio
Hillary,Di Biasio,31,12166.43,Trudoo
Kissee,Crumbleholme,38,2050.15,
Seward,Fearney,33,5914.52,Meejo
Zerk,Denziloe,30,1782.52,Mydo
Manon,Jillett,33,6773.78,Zoonoodle
Cosette,Wheowall,47,,
Jordanna,Crose,42,12952.98,Meevee
Floris,LAbbet,23,9477.66,
Alyda,Doggrell,20,8643.82,Feedfish
Raul,Elvins,26,16519.74,Photobug
Rosco,De Courtney,30,5517.35,Kayveo
Ulick,Pitcher,32,13753.72,Jazzy
Ealasaid,Outram,,15287.18,Skinix
Shirlene,Kynman,35,6568.08,Jetwire
Dara,Regardsoe,33,4647.53,Yata
Melantha,Teffrey,34,13574.2,Topicware
Ebonee,Bliven,45,,Yakitri
Valene,Vassano,18,,Brainsphere
Berke,Garfath,22,16482.43,Tazzy
Mauricio,Piele,36,1657.44,Realmix
Lainey,Jakubovits,24,7958.73,Topiczoom
Nomi,Sesons,45,17850.98,Blogtags
Helena,Ivashin,18,9582.68,Youspan
Courtnay,Hinnerk,25,9815.13,
Boycey,Hughland,37,2223.92,Abata
Evangelia,Bultitude,32,6800.14,Brightdog
Klement,Patis,46,7928.48,Photofeed
Peterus,Heard,19,1641.88,Demizz
Zackariah,Rubinsohn,44,11432.75,Rhynoodle
Mandel,Gionettitti,34,17813.88,Dablist
Woody,Bearsmore,49,19838.87,
Jordanna,Manoelli,26,,Tekfly
Dionis,Thorp,45,11100.98,Meeveo
Berna,Peggs,,13008.82,Pixoboo
Justis,Vaughton,38,8099.14,Innojam
Morgen,Whetnall,38,4969.66,Kare
Essy,Leroy,48,13039.15,Oyoyo
Redford,Edgley,25,15565.96,
Dena,Pickerin,28,17402.91,Skalith
Norry,Tow,40,9685.21,Voonte
Sydney,Batchellor,39,7723.89,Bluejam
Alfonse,Leney,40,11715.62,Wikivu
Maison,Hardesty,31,,Jaxspan
Dorree,Inde,28,8745.71,Camimbo
Bidget,Silver,48,11738.62,Quinu
Cosette,McGrory,46,2469.51,Realblab
Waylen,Kempton,31,13228.44,Podcat
Sydelle,Cathesyed,39,,Trudoo
Judy,Kelshaw,41,7827.92,Cogilith
Sheelah,Freiburger,39,,Blogtags
Robbie,Vale,35,2650.44,
Carmelia,Mettrick,38,13659.18,
Kathryn,Hamp,31,2637.63,Mynte
Curtis,Boxe,48,9331.66,Zoozzy
Emmye,Bendall,46,,Fatz
Meghann,Dolton,38,7540.8,Dablist
Anselma,Edgeler,47,6889.07,Jaxnation
Chic,Simister,36,16969.6,Npath
Egbert,Guisot,50,17009.68,Roombo
Dare,Harron,,15877.44,Demivee
Nikita,Rawes,37,13740.8,
Pedro,Seywood,24,12781.62,Youbridge
Steffi,Klosser,,15146.71,Gabcube
Hadlee,Pfaffe,29,18974.5,Livetube
Inger,Delmage,45,17794.51,Fliptune
Pavia,Saylor,43,7960.0,Flipopia
Alleyn,Bartleman,33,17794.81,Midel
Celisse,MacSherry,35,2170.38,
Jessie,Husband,27,,Skibox
Julia,Santon,43,18213.8,Voolia
Torr,Dougan,40,,Feedmix
Rahal,Seppey,24,17867.63,Pixope
Cordie,Bernardes,41,16698.51,
Quincy,Darben,35,12206.63,
Tilly,Matushenko,45,14249.51,Vidoo
Galen,Berrill,,15037.83,Trudeo
Cris,Struan,,9316.15,
Samaria,Tucknott,33,13995.68,Browsecat
Gill,Gerald,46,,
Teresina,Conklin,22,14952.31,Ainyx
Phillida,Urwen,37,5623.48,Tagcat
Gertrud,Dunster,49,17546.3,Buzzbean
Davide,Maddin,27,18968.07,
Sydel,Gabbott,29,19114.64,Wikivu
Latashia,Devanny,43,2929.47,Tagcat
Sigvard,Orgel,45,6966.37,
Doreen,Pentycross,29,6634.52,Vitz
Townie,Kinchington,,6567.92,Jabbertype
Else,Smitton,,8598.99,Twitterworks
Sada,Keune,23,9785.02,Avamba
Alessandro,Floris,43,2999.33,Skinder
Gabriele,Lesley,42,,Zoovu
Gert,Gasnell,47,11944.19,Feedbug
Emanuel,Ference,22,,Kazu
Cleveland,Callow,41,16458.85,Jabbersphere
Tamarah,Fothergill,,,
Cris,Massow,21,14177.12,Babblestorm
Ursola,Lambis,31,,Dabtype
Ashia,Du Fray,41,18195.12,Eire
Earle,Hardes,39,3091.26,Eadel
Dev,Ithell,43,19516.21,Jetwire
Schuyler,Harker,34,,
Royal,Fitzackerley,31,3194.44,Avamba
Kial,Adamoli,41,10044.1,Roodel
Sly,Duckerin,37,11167.68,Kwilith
Patricia,Broker,,19472.33,Oyoba
Sile,Hawkridge,27,10396.43,Flashpoint
Rancell,Alywin,44,18707.99,Avavee
Sharlene,Rosa,24,2315.29,
Galina,Brion,42,5128.16,Omba
Theodoric,Zuppa,24,9248.26,Roombo
Marco,Tabb,36,15135.86,Linkbridge
Cal,Willmot,,10984.52,Skipstorm
Ronni,Wakerley,30,19180.71,Gabvine
Ros,Huffadine,23,14696.8,Demivee
Bo,Allder,42,18605.63,Mudo
Jamison,Springle,46,4435.03,Edgewire
Liza,O'Lynn,32,2488.36,
Maggi,Bewfield,38,2909.87,Voonte
Stormie,Bisgrove,19,9709.53,Geba
Lloyd,Ungerer,44,13193.19,Zoomcast
Zahara,Beesley,47,13340.72,Plambee
Aurelie,Lenihan,32,14450.52,Devpoint
Guntar,MacTavish,36,9173.9,Roomm
Gray,Vignaux,45,19850.12,Thoughtworks
Vevay,Dunseath,25,,Yotz
Izzy,Conachy,45,11399.57,Jaxbean
Madge,Affleck,,6241.28,Edgepulse
Steffane,Joslyn,32,6530.63,Yombu
Blakelee,Izhaky,19,13900.32,Dynabox
Delbert,Djurisic,34,15256.78,Aibox
Ileane,Meininger,37,,Jetwire
Marie,Dicty,,6342.07,
Guillemette,Peye,40,10895.67,Blogtag
Kassia,Chipping,40,13834.82,Yombu
Gertrudis,Seagood,36,5177.77,Edgeblab
Merna,Hune,29,,Eadel
Babara,Pollington,,,Vidoo
Doralynne,Shoebottom,25,19591.31,Snaptags
Emlynne,Laviste,38,,BlogXS
Maddy,Leas,41,,Ainyx
Faith,Dundendale,34,9668.29,Kamba
Kent,Breen,47,11005.32,BlogXS
Luz,McGuff,43,2531.76,Divavu
Salomone,McCulloch,48,,Gevee
Tracey,Knightsbridge,18,12130.94,Devbug
Elisa,Clampe,,8850.7,Rhycero
Alon,Caudrey,30,2732.38,Oyonder
Kaleb,Martino,43,15271.59,Miboo
Margie,Loddon,,16326.25,Jabberbean
Ted,Vaughan-Hughes,19,12769.53,Layo
Howard,Borit,27,3363.29,Gigaclub
Mylo,Yakebovich,43,17076.5,Meetz
Elisa,Robeson,49,19239.56,Skyndu
Tarra,Meaker,24,16886.67,
Rory,Nerney,39,,Mynte
Karina,Cornilli,27,12518.16,Yozio
Joell,Clines,31,9979.68,Youtags
Eal,Langforth,46,15060.23,Kwimbee
Marietta,Flowerden,,,Roomm
Dall,Berfoot,21,11241.78,Skiptube
Pincas,Gillbard,25,7034.7,
Gustavus,Rebanks,39,13906.64,Quimm
Isak,Young,47,5247.8,Voolia
Nathalia,Meeke,19,5162.39,Jabbercube
Jo,Piaggia,27,5090.71,Reallinks
Thibaud,Grace,42,10380.74,Thoughtstorm
Hailey,Themann,26,19864.69,Yotz
Dyanna,Sabate,33,,Skinix
Wyatan,Jiroutek,41,14518.56,Feednation
Clem,Sanger,47,6235.18,Shufflester
Chrystal,Guillain,23,9019.85,
Jenna,Mossdale,26,4643.55,
Manon,Oaker,50,13766.0,
Micheline,Leeke,18,17043.34,Shufflebeat
Olly,Limeburner,33,8044.65,Leenti
Karney,Stouther,39,,Meembee
Heloise,Fennelow,45,6803.49,Jayo
Prent,Taberner,29,1547.18,Eadel
Karim,Wharin,33,2592.15,Shuffledrive
Addy,Deniscke,40,,Jamia
Leland,Lambertini,22,4003.37,
Horten,Jeffs,25,9405.69,Yakijo
Jerrold,Condon,18,,
Shandee,Worsley,47,,
Philip,Heibel,26,2324.61,Riffpedia
Cybill,Starford,25,8699.79,Flashpoint
Noni,O Sullivan,27,15606.92,Quimm
Templeton,Gallager,43,3283.14,Katz
Kristina,Wannan,22,7026.36,
Marylou,Simonassi,50,11604.18,Camimbo
Christy,Inchan,21,7529.24,
Carmela,Road,23,16818.7,Gabspot
Shaw,Giorgielli,29,11181.88,Gigabox
Angie,Duncklee,39,17672.88,Meetz
Roger,Cawdell,19,9793.51,
Janene,Collcott,21,2112.73,Centidel
Townsend,Leaves,40,,Muxo
Heinrik,Ranns,38,,
Petey,Le Page,35,14096.53,
Gwendolin,Redfern,27,,Quimba
Hadrian,Woolens,,16829.08,
Leonidas,Vasile,49,12548.62,Yamia
Burk,Tallquist,29,10229.58,Twimm
Charo,Soames,,10998.75,Jetwire
Hannis,O' Gara,19,12440.2,
Kimbra,Pincked,20,8186.65,Twimm
Wendell,Slocumb,20,,
Gaven,Greeding,26,4518.82,Flipstorm
Meir,Cale,26,4267.89,Tanoodle
Karel,Darrach,45,7768.08,Quimm
Marlo,Kaye,45,7431.55,
Clarice,Coggin,29,13457.37,Zoomzone
Gilly,Callf,35,14036.11,
Shirl,Hallows,48,12067.43,
Corrianne,Irons,48,,Meetz
Zachary,Broyd,28,11453.06,Talane
Mandel,Harsum,27,17890.42,Kwimbee
Lebbie,Washtell,22,,Brainverse
Freda,Booth,,16533.92,
Cristen,Laffan,42,,
Dena,Bilovsky,44,11907.32,
Rodd,Schuck,28,14496.38,Flipbug
Marena,Kent,18,15775.5,
Annalise,Willerson,29,15363.23,
Olga,Kisbey,,14783.27,Zoonoodle
Carr,Surridge,50,9595.53,
Marten,Kinney,18,11264.73,Voomm
Aurel,Simson,37,17841.94,Kimia
Luciano,Riden,34,7391.06,Kwideo
Cesar,Allridge,,,
Vernon,Hallad,40,,Linklinks
Francesco,Jesse,18,15107.63,Pixonyx
Titos,Slesser,26,9425.33,Flipopia
Sigvard,Dmitrichenko,30,10456.18,Babblestorm
Bee,Forsard,24,14047.69,Snaptags
Simone,Riddington,30,15270.19,Skyvu
Angelica,Stewart,24,14751.57,Jabbertype
Ferris,Broughton,38,10874.83,Zoozzy
Betty,Langelay,47,14947.2,Realmix
Shayne,Dillintone,45,8687.17,
Allistir,Kingzet,,5406.17,
Sanders,Gresly,,12720.78,
Lian,Ferrotti,35,7514.88,
Melodie,Serrels,42,7268.85,Tagchat
Sheryl,McGeagh,38,9909.64,Gabspot
Franky,Chesnut,38,3458.94,Quatz
Marian,Iacapucci,32,,Gevee
Avril,Deane,36,2982.4,Fivebridge
Marjie,Downs,24,12030.37,Camido
Kikelia,Sandars,29,2709.46,
Jacquette,Jirieck,34,9081.22,Jatri
Brandyn,Imm,27,14423.06,Buzzster
Zacherie,de la Valette Parisot,45,12756.9,Jabbercube
Bord,Leeb,42,16428.54,Jabbertype
Silvie,Doddrell,39,,Zoomlounge
Coreen,Geaney,42,14398.77,Avavee
Stanwood,Pallesen,49,8378.19,Voonte
Lonny,Partington,35,8936.19,Omba
Kerry,Monsey,19,6195.8,Oodoo
Dorthy,Pinwell,20,11438.44,Izio
Henrietta,Huston,48,12677.89,Quatz
Leelah,Wetherick,43,12479.61,Eayo
Ruby,McCambrois,42,6973.38,Leexo
Elsinore,Vedikhov,,3943.36,Oozz
Marlow,McTurley,21,14449.68,
Cyrillus,Keaveny,27,18794.02,Zoozzy
Karyn,Sibille,50,,
Waylin,Bonass,21,11250.98,Voolia
Cosimo,Kuschek,,14036.55,Skilith
Dane,Selwin,28,7544.77,Dabtype
Cynthy,Silversmid,28,8522.07,Voolia
Mikaela,Bugdall,38,14889.63,Camimbo
Clari,Briston,27,1949.32,
Ingelbert,Sands-Allan,36,,Browsetype
Gratiana,Hubble,20,8662.2,Jabbersphere
Ilse,Vany,,2690.52,Rhyloo
Pavia,McDonell,44,1809.29,Thoughtbeat
Germayne,Ings,35,7001.26,Teklist
Cecil,Foreman,31,16772.91,Brainsphere
Clywd,Messer,18,18847.23,Oyondu
Zak,Hrus,45,12363.36,
Kirsteni,Fresson,25,8603.45,Eabox
Rozella,Yukhnov,45,4076.24,Kwilith
Gertie,Cadwallader,37,7855.81,Leexo
Davida,Briant,36,,Katz
Elyn,Dunnico,,11993.53,
Deanne,Chittock,30,8689.94,Twimm
Marci,Spacy,27,8960.82,Skalith
Amalita,Stainsby,40,8909.1,Tazz
Peri,Chipp,42,8632.84,Browsedrive
Darleen,Simeons,35,3137.54,Linkbuzz
Pernell,Heersema,,3090.21,Devcast
Weider,Dulanty,47,2639.42,Twimm
Pen,Lawford,48,15732.59,Skimia
Jordanna,Shearme,46,6687.76,Browsecat
Pasquale,Seeler,19,4344.34,Livepath
Inga,Dunlea,19,15484.49,Skivee
Davey,Deeney,18,19432.69,Skivee
Willi,Jeremiah,28,17448.19,Trudoo
Esme,Arkill,18,8209.8,Brainlounge
Bentley,Hagard,,17776.2,Meezzy
Haleigh,Deathridge,36,5789.41,Flashdog
Shanna,Levane,24,11320.98,
Emalee,Lujan,31,,Yombu
Rubi,Petegree,47,19341.48,Trunyx
Richy,Huntriss,47,,Gabtune
Dante,Colchett,34,,Photofeed
Hershel,Laidlow,20,9000.62,
Faydra,Gorelli,45,,
Ariel,Gribben,22,11456.69,Yambee
Nathanael,Ladel,29,17531.82,Linktype
Roanna,Ghio,31,,Yoveo
Ralina,Edsall,29,19520.7,Gevee
Colby,Hoyte,45,12862.89,Vipe
Gabrila,Baudins,50,2655.76,
Katee,Shirtcliffe,,,Fivespan
Tasha,Petruskevich,25,9003.9,Twitterlist
Clemence,Kidsley,31,10966.25,Voonix
Filip,Johansson,31,3658.27,
Gunner,Shirrell,27,,
Sioux,Marchant,,11522.45,
Chelsae,Frushard,22,8177.76,Edgetag
Ara,Lillie,18,14350.93,Yacero
Devina,McKinie,,4679.2,Dynabox
Guilbert,Brankley,38,16895.71,
Roseanne,Juza,39,18976.09,Brainsphere
Maddalena,Uebel,21,3388.45,Demizz
Emilie,Apfel,26,14754.13,
Averil,O'Malley,28,5897.26,Bubbletube
Ianthe,Cobson,32,,Linktype
Jefferey,Putman,26,12036.41,Vinder
Harriot,Milley,21,8821.7,
Brendan,Girvin,26,8277.43,Gabtune
Harold,Withull,29,3573.76,
Wiatt,Mulcaster,45,6400.75,
Karon,Bloxam,,,Eidel
Ailbert,Bernholt,,16594.76,Zoovu
Birgitta,Ledwidge,42,15495.79,Cogidoo
Othilie,Knappen,27,17539.16,
Fredek,Slowly,24,4763.0,Linkbuzz
Gerianne,Pouton,24,8539.85,Edgewire
Debor,Middler,22,18853.39,Oyondu
Cindee,Bodemeaid,33,3739.3,
Shurwood,Scyner,34,,Browsebug
Abby,Bastow,43,13424.12,
Alysa,Lewer,,,Riffpath
Gus,Markwick,,12736.92,Twitterbridge
Doretta,Le land,21,15259.71,
Meta,Jeffcoate,19,1952.06,Kayveo
Ronnie,Elcy,,5151.07,Skilith
Orv,Heeps,43,1718.1,
Farica,Hrishchenko,29,,
Bevan,Bawcock,25,7603.33,Photobug
Dudley,Carah,25,16855.67,Twimbo
Kareem,Houtby,41,1611.57,Topicshots
Raynard,McGreil,43,,
Ruby,Kliement,,5591.47,Katz
Bat,Deery,38,2728.66,Plambee
Gilbertina,Bavister,45,5065.84,Realbuzz
Elianore,Oakey,41,,Flipstorm
Cirillo,Deerness,41,4257.05,Twitterbeat
Rudolph,Dabnot,38,12261.21,Wikivu
Letisha,Silkston,39,18192.82,Livepath
Horten,Chaffin,40,16156.35,Jabbersphere
Rikki,Hansemann,21,17480.16,Zooveo
Ransell,Sandwick,44,17554.38,Jetwire
Zarla,By,26,14885.22,
Saw,Iacobini,29,8356.14,Topicstorm
Claybourne,Elsley,35,6568.8,Jabbersphere
Umeko,Sooper,48,7063.99,Photobug
Rodge,Spykings,19,1632.49,Livepath
Marthe,Jedrysik,25,,Avaveo
Elianora,Hundey,21,8058.5,Oba
Terri-jo,Siemandl,41,15485.25,Ntags
Carmelia,Mountcastle,,2691.6,
Goraud,Ostrich,29,8463.84,Cogibox
Abram,Chillcot,34,4635.45,Ooba
Petronilla,Lahy,41,,
Audrye,Danelet,49,7537.34,
Marybeth,Broggini,,3807.47,Browsezoom
Bay,Dies,31,17230.56,Fliptune
Dianna,Purchall,40,7453.47,Realblab
Katleen,Nosworthy,23,7932.95,Dabfeed
Lindsay,Antoniazzi,29,10471.53,Zoombox
Rey,Goalby,30,5792.41,Trilia
Madonna,Call,43,11569.59,Flashset
Mela,Bewly,38,4497.67,Wordware
Lily,Boultwood,25,11999.33,Kamba
Janos,Weins,47,1666.48,Zooxo
Hirsch,Rawe,18,17073.26,Brightbean
Leyla,Tomkinson,32,,Zoombox
Portie,Klausewitz,35,8019.81,Zoomdog
Elbertina,Remmer,30,11561.92,Fivespan
Shae,Skarin,27,5336.34,Edgeify
Binnie,Dorracott,38,10123.47,Skimia
Matti,Workes,23,19107.4,
Dallas,BoHlingolsen,28,,Innojam
Robert,Smalecombe,31,3175.16,Twitterwire
Cynde,Rains,26,12286.3,JumpXS
Alessandra,Laidel,23,1681.39,Skibox
Harwilll,Enston,19,14114.95,Aimbo
Kelsey,Belcher,46,,Avaveo
Shelia,Wrighton,24,19980.6,Vipe
Elenore,Gimber,40,13584.93,Agimba
Yvon,Klimko,22,4101.87,
Darcie,Lavell,25,12926.57,Yozio
Laryssa,Curteis,40,4771.44,BlogXS
Virginia,Robertsson,23,,Browseblab
Perrine,Duffell,42,,Realblab
Orsa,Pinnell,42,16616.34,Ailane
Verney,Grzegorzewski,32,8954.11,Dablist
Elwin,Bricket,,4010.97,Edgeclub
Vickie,Torrie,30,11684.14,Centimia
Dorelia,Risley,,,Jaxspan
Carolee,Ponte,24,,InnoZ
Faith,Rack,49,8453.47,Mybuzz
Elfrieda,Marvell,38,8398.2,Voomm
Freda,McKeveney,27,6845.18,Tazzy
Cherilyn,Carnoghan,39,4801.66,Latz
Chiquia,MacGilmartin,38,4150.89,Devify
Jobi,Wegenen,47,9133.01,Bluejam
Tymon,Skillman,48,15048.53,Twitterbeat
Dollie,Ebbrell,31,17904.04,Bluejam
Martie,Boman,,15519.84,
Joshua,Giacometti,39,14766.42,Zoomlounge
Jacklin,Starbucke,26,17724.19,Ainyx
Mabelle,Hugenin,,7957.38,Twiyo
Sonja,Church,,,Thoughtworks
Marabel,Faull,37,,Fivechat
Basilio,Mertsching,19,10138.21,Yombu
Kimbell,Wimes,43,,Lajo
Susannah,Bernardin,29,7820.77,
Kizzie,Message,24,19159.24,Fivechat
Kirby,Luppitt,24,1576.45,Twitterworks
Bradan,Breed,22,,Youopia
Aidan,Bamlet,30,11478.58,Rhyzio
Claribel,Dumbrill,,9019.25,LiveZ
Kaila,Blacker,43,16384.87,Babbleblab
Perceval,Fouch,43,14428.16,Izio
Jerrie,Nutting,46,15150.62,Meevee
Leanna,Kleinschmidt,28,14102.04,Zoonoodle
Alaster,Hawk,37,6400.54,Twitternation
Kirby,Muff,45,,Gigaclub
Thatcher,Jovis,33,,Voonyx
Candida,Dole,40,6427.53,
Serena,Filipovic,41,2016.47,Tanoodle
Ashia,Wanell,39,13560.72,Zoomdog
Evonne,Kingwell,35,9286.08,
Myranda,Jursch,,2570.04,
Ingrim,Thomson,21,2565.96,Livetube
Vicky,Isoldi,49,12198.4,Flashpoint
Simona,Saurat,21,16938.8,Wikizz
Newton,Gatchell,28,,Voomm
Nels,Immins,20,18191.62,Kwilith
Radcliffe,Leggott,,14932.19,Feedmix
Aviva,Duhig,,6748.35,Yakijo
Stanislaw,Southey,18,,
Melody,Cherrett,25,6375.95,Jaxbean
Andrea,Paulet,35,14873.58,Blogpad
Gillie,Redmille,27,17211.79,Yozio
Nancie,Cran,29,18891.42,Eayo
Belvia,Heyns,32,15881.48,Quatz
Bernice,Le Frank,34,8240.24,Realcube
Jaclin,Bernhardi,,,Yotz
Tana,Wickmann,44,19627.55,
Danit,Mounsey,,14305.93,Oba
Murdoch,Oki,46,16959.42,Dabtype
Wernher,Doubleday,30,8565.71,Fadeo
Pearce,Reeday,30,12703.85,
Cordi,Slatten,32,11757.55,Topicware
Stephannie,Bonnyson,26,14664.66,Edgeblab
Krishnah,Piner,21,,Demimbu
Modesty,Budgey,37,10039.36,Zoomzone
Ancell,Westmerland,18,15704.77,Riffpedia
Kimberly,Sang,42,9737.0,Livepath
Sigrid,De Lorenzo,27,12642.65,Jaxnation
Sharai,Mill,39,15969.35,Shufflester
Giacinta,Cheak,22,9743.34,Fivechat
Nanci,O' Driscoll,,,Tagcat
Marlin,Feldmus,34,13923.62,Oloo
Denney,Yetts,32,18983.03,Demivee
Tadd,Sargood,28,,Blogspan
Opalina,Grinsdale,21,18763.0,
Helyn,Venney,20,13381.48,
Ailina,Frankel,47,4501.49,Avavee
Fransisco,Marskell,46,5629.03,Mycat
Amelie,Blackmoor,28,2541.66,Lazz
Stillman,Heavyside,32,13099.97,Wordify
Marylin,Laxson,29,6962.2,Oloo
Tonnie,Derisley,,,Voolith
Jo,Colliar,,,
Stanwood,Siuda,24,10531.29,Centizu
Doreen,Hannum,23,10673.06,Thoughtblab
Nell,Doctor,48,,Dynazzy
Deloris,Dick,29,10959.66,
Bondie,Banishevitz,39,,Blogspan
Cami,Fidelli,49,,Yodoo
Henriette,Afield,21,17360.33,Vinte
Chlo,Antonelli,19,,Brightbean
Lucina,Bedboro,50,7884.42,Edgeclub
Ilise,Elson,48,4259.33,
Katleen,Palmby,37,17131.67,Shufflebeat
Adi,Fridd,37,9721.3,Twitterbeat
Aaron,Silby,30,3771.59,Skimia
Gustavo,Painter,19,11970.44,
Leonie,Gheeorghie,24,18170.29,Jatri
Kelci,Eakeley,26,,Cogibox
Filippa,Enrietto,,12197.28,Zazio
Mildrid,Bernth,46,11723.09,Leenti
Baxy,Bello,,5264.71,Voonder
Carmon,Dulin,50,,Wikivu
Jorge,Chesshire,20,19239.17,Kwimbee
Nonah,But,,17698.98,
Diego,Del Castello,43,9920.18,Izio
Perle,Ratlee,20,18241.43,
Elbertine,Last,43,17742.02,
Shelby,Farriar,41,11460.21,
Bernita,Praton,29,2177.35,Wikizz
Jorge,Harrold,,17301.63,Realbridge
Calli,Kubala,41,3050.53,Brainverse
Anette,O' Dornan,,3259.59,Thoughtstorm
Man,Crawshay,32,10558.45,Tambee
Roxine,Vaughan,24,11942.95,Jabbersphere
Charleen,Dumberell,23,5403.12,
Tove,Skeath,45,17501.2,Gabtune
Celestia,Summerell,42,6968.07,Tagchat
Conny,Hebner,23,6224.74,Tagopia
Ashien,Dobell,50,3311.35,Mynte
Glenda,Tomasoni,28,13052.5,Oyoba
Clarance,Churchin,46,15843.89,Riffwire
Kliment,Gowler,26,13950.37,Gabtune
Sadie,Crudginton,46,2409.24,Digitube
Torrin,Belly,26,16123.36,Trudoo
Evangeline,Agate,45,5919.06,Skippad
Austin,Renton,46,,Browsecat
Oren,Yoslowitz,,6449.29,Skaboo
Zuzana,Tydeman,,3361.4,BlogXS
Fiorenze,Gresly,47,5282.97,Vinte
Roshelle,Graine,49,19153.63,Topicblab
Sylas,Bowdler,24,,Eidel
Jed,Kerr,28,8058.77,Skidoo
Fanny,Carville,31,17505.84,Oyoba
Oswell,Newport,20,19721.66,
Hilliary,Bridgwood,38,19660.49,Eabox
Reinald,Pollastrino,23,18709.74,Quimba
Correna,Mityashev,21,5335.61,
Arel,Gartsyde,29,19768.48,
Cathrin,Sandwith,37,4776.38,Npath
Huntley,Huriche,20,15500.08,
Archer,Stollery,24,,Midel
Barn,Itzkovwitch,34,12374.77,
Rutter,Vassall,36,8869.42,
Kettie,Crookes,34,18514.54,Zoombox
Farrand,Kunrad,,18968.09,Youspan
Emlen,Vieyra,21,16578.0,Innotype
Dorise,Biggs,29,3361.48,Zava
Agnella,Simonian,22,,Dabfeed
Dorette,Puttrell,47,19106.47,Brainlounge
Cly,Macguire,42,13912.99,Rhybox
Simone,Morling,33,17287.53,Jayo
Pam,Philippet,40,10968.93,Meedoo
Guglielma,Martinello,,3321.49,Vinte
Inglebert,Blandford,39,11875.09,Meeveo
Mela,Beldum,26,19453.7,Tambee
Raphael,Bumby,28,,Realcube
Eb,Garret,24,5960.31,
Abbie,Badam,22,18066.68,Zoomcast
Gus,Laslett,31,5344.3,Voonyx
Maison,Spikings,50,6330.74,
Alida,Schirok,44,14224.39,Bluejam
Shelbi,Leeves,38,3760.17,Zoonoodle
Harriot,Elwyn,,4873.34,
Nelle,Yurchenko,26,9153.94,Skiba
Georges,Durrant,49,5672.07,Yotz
Brittan,Evison,35,12343.17,Camido
Shea,Sproul,27,18717.19,
Elliott,Bromidge,40,19217.5,
Boyd,Andrysiak,25,12750.41,Tagpad
Lorenza,Boatswain,23,15471.05,
Geoffrey,Bottinelli,29,15926.06,Oyoloo
Monro,Tours,21,6795.36,Trupe
Elsbeth,Pumfrett,21,13916.17,Wordpedia
Doralyn,Thorold,39,5905.75,Realmix
Dalis,Peaseman,34,,Yata
Raffarty,Wandrack,45,4542.19,Mita
Marv,Sommer,40,1615.88,Linkbuzz
Romonda,McAlarney,44,18339.93,Buzzdog
Caritta,Guinane,32,3266.18,Fatz
Kaleb,Starbuck,18,10763.4,Eazzy
Becca,Fransinelli,29,,Meetz
Jerry,Sydall,39,6225.27,Bubbletube
Brittne,Bartolozzi,28,5022.22,Mycat
Ruben,Lippett,23,14548.22,Twitterworks
Ashlen,Trewhitt,19,18296.33,Kwideo
Ariadne,Veschambre,32,2345.77,Demimbu
Ricky,Prugel,49,9720.42,
Ilsa,Pummery,23,4909.62,
Korrie,Wolstenholme,,18566.98,Skivee
Brietta,Tisor,22,15244.39,
Kesley,Kobke,40,10329.77,Camimbo
Beauregard,Fortnam,,,Shuffletag
Wyn,Valance,48,6697.74,Twinte
Jemmie,Vicioso,22,9192.84,Photolist
Karilynn,Faccini,45,18650.86,Topdrive
Shawn,Laboune,34,,
Rutledge,Ambrose,20,1835.5,Skyvu
Nicolis,Parradine,40,10532.57,Topicstorm
Margarethe,Sone,48,17508.52,Quinu
Matt,Sunnex,19,19930.21,Jabbersphere
Feodor,Digg,48,7642.97,Rhynoodle
Judye,Leeburn,29,6019.23,
Whitney,Faudrie,23,14274.06,
Omar,Errichelli,44,10931.72,
Amity,Brookes,30,9052.73,
Curry,Le Guin,36,6018.72,Riffwire
Letta,Guise,32,14925.86,
Mill,Matyja,46,19132.42,Innotype
Marcella,Corradi,23,12803.39,Meembee
Alexa,Drexel,38,14923.44,Eadel
Carol-jean,Stallybrass,25,13293.26,Voomm
Sansone,Tregido,26,18317.14,
Bliss,Langthorne,27,9422.2,
Falkner,Milne,36,11264.8,
Roi,Fuge,50,6093.19,InnoZ
Ekaterina,Tithecote,35,11399.84,Thoughtstorm
Barbabra,Emslie,46,3032.03,
Gerry,Wyldbore,21,11797.48,Fadeo
Malinda,Georgievski,40,5880.95,Skinte
Yulma,Simka,26,11288.23,
Vyky,Filyashin,18,6790.88,Twiyo
Wakefield,Peirazzi,22,17064.68,Shufflebeat
Natividad,Beggini,,18601.25,Babblestorm
Kylila,Portriss,24,7900.99,
Biddy,Burchall,48,16298.98,Zoonoodle
Veda,Readett,34,9656.73,Dynazzy
Josias,Janning,33,12424.63,
Rayner,De Marchi,20,13350.56,Voolia
Arlina,Snepp,42,13468.96,Linklinks
Laurianne,Lissandri,,9782.4,Tanoodle
Cointon,Manach,28,,Brainverse
Joyous,Gregor,29,11118.34,Skyba
Anson,Crosoer,,3964.53,Dynava
Ellissa,Domoni,25,4696.19,
Fairfax,McSwan,49,11454.95,Skyba
Henrietta,Baildon,27,1957.51,Eimbee
Kelcey,Simonutti,29,9566.88,Twitterlist
Chantalle,Dootson,49,4248.35,Browsezoom
Cad,Bauer,25,16713.12,Kwilith
Malorie,Blizard,40,14113.11,Divape
Georgia,Hyman,45,12929.67,
Shawn,Cobon,33,,Babbleopia
Dominik,Ritchman,,,Skiptube
Robinet,Burril,32,6260.28,Zoomdog
Mortie,Torregiani,46,12849.63,Einti
Noelani,Goneau,20,4658.62,Brainsphere
Rosabel,Verrill,39,,Yadel
Cornelia,Heavy,25,2465.21,Meemm
Stephen,Alesin,,2855.4,
Paddy,Espadate,28,12481.39,Ntags
Christoper,Heaviside,35,18187.94,
Brittne,Cerman,36,9547.61,Jabbersphere
Hillier,Feldmann,43,18958.59,Wikizz
Adel,Honatsch,43,8315.38,Thoughtstorm
Norrie,Lionel,18,10527.03,Dynazzy
Alanah,Eagleston,20,5850.39,Voolia
Sherm,Martinelli,35,3238.36,Topicblab
Val,Vigneron,49,7932.96,Lajo
Fayre,Benninck,45,18388.0,Voolia
Gertrudis,Cucuzza,,13217.47,Mybuzz
Fay,Feldberger,38,19773.01,Teklist
Julita,Lambird,27,10286.88,Blognation
Raynell,Grundwater,45,5888.69,Gigashots
Kerry,Kirk,,,Voonix
Andre,Riddett,28,,Flipopia
Vin,Willson,32,8456.01,Skiba
Elvira,Louca,27,15392.71,Aimbu
Melitta,Lillgard,26,6292.45,Npath
Moselle,Fayer,23,14497.27,Eidel
Mona,Baskerville,,16008.86,
Alvan,Bromehead,27,12795.36,Buzzbean
Jason,Sime,23,,Kwimbee
Julietta,Oriel,41,17535.45,Youspan
Bond,Ibbitt,19,7986.43,Tambee
Lynea,Tack,25,3062.76,Aibox
Shawn,Kirkman,20,9983.51,
Fara,Rabbitt,,14712.53,
Northrup,McElvogue,38,14689.17,Blogtag
Jacquenetta,McGarva,27,8634.59,Rhyloo
Nico,Peres,39,6828.33,LiveZ
Mauricio,Rapinett,44,16307.89,Skyba
Felic,Muckloe,49,4920.48,Jetwire
Valentina,Minihane,37,,Zoovu
Culley,Manie,,17795.39,Twitternation
Goldy,Wasson,,,Brainsphere
Esdras,Sentance,,10353.71,Quaxo
Jodi,Surman-Wells,50,18373.74,Yodo
Loren,Matous,43,9755.33,Kwideo
Merv,Blankau,23,6563.31,Skyndu
Shari,Beadel,26,18566.1,Kayveo
Corey,Townsley,,15014.17,
Klarrisa,Bernard,,15903.02,Vinder
Randie,Czajkowska,29,8831.89,Zoonder
Butch,McCaighey,28,13449.46,
Beltran,Willeson,28,16880.5,Mudo
Bogart,Barok,25,19628.34,
Harriette,Booley,40,,Youfeed
Giavani,Denzilow,38,9414.16,Geba
Beryle,Brokenbrow,33,14126.73,Wordify
Rufus,Orrah,46,8001.14,Zoozzy
Thacher,Drissell,32,9168.23,
Phyllis,Bedbury,36,13250.07,Fadeo
Neils,Phuprate,47,9743.03,Dabjam
Rabi,Ridler,23,,Zoomlounge
Worden,McKinty,46,12342.46,Eadel
Gaylord,Chilton,39,4117.27,
Junia,Gebbie,28,1676.32,
Margaretha,Milverton,24,17396.45,
Eliza,Mouse,19,,
Roseanna,Gunney,25,8974.43,Demizz
Konstanze,Kurt,41,18192.87,Divanoodle
Mariquilla,Spencer,,14671.0,Thoughtworks
Beverlee,Whayman,23,7387.85,Twitterworks
Fairleigh,Longdon,33,17879.04,Zava
Hercules,Ault,21,,Myworks
Aline,Blowne,40,,Fivebridge
Pandora,Haldon,,11829.46,Jetwire
Caril,Headingham,48,15442.61,Pixonyx
Grazia,Doddemeede,29,2046.39,Quatz
Dario,Pallister,29,16304.83,Photolist
Winnah,Gorrick,30,10636.64,
Susy,Yarnold,44,3573.87,Skynoodle
Vinny,Boshell,19,8368.3,Twitternation
Elmira,Beard,31,4856.54,Shufflester
Flss,Gratland,41,16824.2,Devshare
Merna,Prettejohns,22,,Tambee
Padgett,Samber,44,5684.1,Realblab
Riobard,Heppner,50,19755.22,Dabshots
Joe,Brasner,35,12374.12,Nlounge
Star,Netti,33,7433.91,Blogtag
Mata,Phillput,28,6076.27,
Caty,Beech,18,,Agimba
Efrem,Thurling,47,2100.61,Meezzy
Alethea,Wakeford,46,4781.24,Photolist
Pavlov,Gulley,40,10371.67,Skyndu
Rosetta,Lipp,43,18240.71,Gabspot
Guillermo,Kummerlowe,38,5151.47,LiveZ
Sena,Durkin,26,15430.98,Innotype
Phillip,Dwyr,42,15832.83,Yotz
Rockey,Fideler,46,16793.73,Ailane
Raf,Verna,46,18785.5,Meembee
Nettie,Readett,23,,Feedfire
Packston,Burnside,38,4703.38,InnoZ
Myrlene,Gaishson,47,14204.72,Thoughtblab
Maurise,Shemilt,38,16270.57,Buzzbean
Ezri,Stanway,18,5024.64,Omba
Ewell,Moye,25,6258.72,Zoomlounge
Elfreda,Farres,39,15364.25,Dabshots
Maitilde,Ashleigh,38,8215.18,Snaptags
Timmy,McCathie,32,17996.1,Quatz
Ranee,Ruprich,38,3356.3,Bluejam
Paddie,Itscowics,40,8383.75,
Arden,Claringbold,19,8098.37,Photobug
Amandi,Newham,23,13846.1,Flashset
Bibby,Stiff,47,4218.2,Kanoodle
Suzette,St. Hill,34,,Yozio
Steffie,Tinston,35,5763.26,Izio
Jeri,Gumb,33,3239.09,Quinu
Fin,Gainsborough,19,17631.81,Avavee
Midge,Boissier,24,,Linkbridge
Susanetta,Valens-Smith,47,8752.97,Talane
Meagan,Pitbladdo,25,6259.24,Shuffledrive
Dulcine,Farfalameev,47,,Nlounge
Austin,Newing,37,19060.23,Eazzy
Mariette,McMullen,22,16268.96,Edgeify
Delphine,Robichon,33,13408.01,Eazzy
Chase,Poll,26,11547.95,Devbug
Mattie,O'Keaveny,40,16744.39,Npath
Taddeo,Mansell,18,19032.25,
Francyne,Pidcock,45,,
Alessandra,Francklin,50,8639.67,Flipopia
Rockie,Verrechia,30,8390.09,Edgewire
Brnaby,Dasent,25,4112.07,
Abigale,Plevin,45,,Jaxbean
Tallia,Letrange,31,9106.33,Livetube
Jessamyn,Schuler,31,14283.43,Zoozzy
Georgeanna,Crandon,20,,Geba
Merrily,Nerheny,28,5795.57,Twimbo
Sonny,Beazey,,18712.91,Vipe
Livvy,Ruperti,47,5055.27,Yamia
Corbett,Bruyett,26,13879.79,Gabspot
Agnesse,Madoc-Jones,40,3712.63,Zoonoodle
Marna,Surman,,4360.8,
Harmonia,Timlett,26,5225.92,Midel
Brucie,Masterson,20,11959.28,Fivechat
Gawain,Reiner,25,8321.89,Vitz
Gert,Beirne,49,12532.49,Centimia
Moselle,Derdes,29,7035.59,Twitterlist
Dot,Ladewig,,14116.42,Gabspot
Alejandrina,Brigham,47,18741.66,Omba
Selie,Shields,43,15323.09,
Dev,Philipard,27,5798.77,Chatterpoint
Christoper,Yegorev,48,12280.76,Riffpedia
Jessalyn,Cumbes,21,8801.02,
Jordana,Cullity,26,15802.7,Zoomzone
Kenna,Yaneev,47,3953.25,Dabtype
Elise,Matfield,32,16016.12,Chatterbridge
Adi,Macia,29,3467.13,Trilia
Agna,Meaders,29,19901.59,Wikibox
Adlai,Davydzenko,26,,Yotz
Nari,Krug,48,4029.05,
Lacey,Keston,45,17607.63,Tagopia
King,Gow,22,15575.76,
Des,Swadlen,48,,Minyx
Lizabeth,O'Sheils,45,9558.68,Buzzdog
Garek,Morfell,28,5901.55,
Saunders,Pitrelli,38,14386.19,Aibox
Darrel,Finders,19,19447.05,Jaxnation
Nelson,Pedel,20,3112.77,
Emmanuel,Trevithick,,4383.58,Twinder
Alfy,Ilyunin,46,,Vinder
Phaidra,Dolley,20,,Bubblemix
